word,1,2,3,4,5,avg,var,std
slump,0.05786054569077523,0.06201818969250758,0.04036379385015158,0.027371156344737982,0.03161541792983976,0.04384582070160243,0.000191953867977772,0.013854741714581764
crank,0.0411433521004764,0.07769597228237332,0.0844521437851884,0.04963187527067995,0.018189692507579038,0.05422260718925942,0.0005910672850564411,0.024311875391594972
gorge,0.026851450844521438,0.06522304027717626,0.07769597228237332,0.026851450844521438,0.10653962754439152,0.0606323083585968,0.0009404036139301632,0.03066600094453405
query,0.0025119099177132957,0.04036379385015158,0.10653962754439152,0.07769597228237332,0.036725855348635775,0.0527674317886531,0.0012899362109702727,0.03591568196443265
drink,0.03404071026418363,0.07769597228237332,0.058033780857514074,0.04963187527067995,0.018189692507579038,0.047518406236466,0.00041350941698938806,0.020334930956100835
favor,0.019835426591598093,0.0844521437851884,0.013165872672152447,0.06522304027717626,0.07769597228237332,0.05207449112169771,0.0008861789810373515,0.029768758473227457
abbey,0.0844521437851884,0.024252923343438718,0.024252923343438718,0.10653962754439152,0.036725855348635775,0.055244694673018624,0.0011496344824261776,0.03390626022471629
tangy,0.06314421827631009,0.0844521437851884,0.04963187527067995,0.026851450844521438,0.036725855348635775,0.05216110870506713,0.0004097124982720561,0.02024135613717757
panic,0.03161541792983976,0.0844521437851884,0.04963187527067995,0.058033780857514074,0.0411433521004764,0.05297531398873971,0.00032475959306616675,0.018021087455150058
solar,0.05786054569077523,0.06522304027717626,0.06201818969250758,0.0844521437851884,0.07769597228237332,0.06944997834560415,0.00010009496423226492,0.010004747084872506
shire,0.05786054569077523,0.033521004763967084,0.058033780857514074,0.07769597228237332,0.10653962754439152,0.06673018622780424,0.0005924375609703946,0.02434004028284248
proxy,0.03161541792983976,0.07769597228237332,0.06522304027717626,0.0032048505846686876,0.036725855348635775,0.04289302728453877,0.0006900488625955902,0.026268781140273527
point,0.03161541792983976,0.06522304027717626,0.058033780857514074,0.04963187527067995,0.06314421827631009,0.05352966652230402,0.00014897774183195996,0.012205643851594228
robot,0.07769597228237332,0.06522304027717626,0.024252923343438718,0.06522304027717626,0.06314421827631009,0.05910783889129493,0.0003302935150664515,0.01817397906531345
prick,0.03161541792983976,0.07769597228237332,0.058033780857514074,0.0411433521004764,0.018189692507579038,0.04533564313555652,0.0004302312246822225,0.02074201592618766
wince,0.016803811173668255,0.058033780857514074,0.04963187527067995,0.0411433521004764,0.10653962754439152,0.05443048938934604,0.0008687375234010964,0.029474353655357676
crimp,0.0411433521004764,0.07769597228237332,0.058033780857514074,0.027371156344737982,0.03161541792983976,0.04717193590298831,0.00034402328358668066,0.018547864663801077
knoll,0.018189692507579038,0.04963187527067995,0.06522304027717626,0.06201818969250758,0.06201818969250758,0.05141619748809008,0.0003045235648406137,0.017450603566656762
sugar,0.05786054569077523,0.04036379385015158,0.026851450844521438,0.0844521437851884,0.07769597228237332,0.057444781290602,0.00047347864505190956,0.02175956444995877
whack,0.016803811173668255,0.033521004763967084,0.0844521437851884,0.0411433521004764,0.018189692507579038,0.038822000866175835,0.0006052183999155207,0.024601186961517134
mount,0.027371156344737982,0.06522304027717626,0.04036379385015158,0.04963187527067995,0.06314421827631009,0.04914681680381117,0.0002011856742995051,0.014183993594876765
perky,0.03161541792983976,0.10653962754439152,0.07769597228237332,0.018189692507579038,0.036725855348635775,0.054153313122563884,0.0010807275501872745,0.03287442091029551
could,0.0411433521004764,0.06522304027717626,0.04036379385015158,0.06201818969250758,0.03404071026418363,0.048557817236899094,0.00015835479860098909,0.012583910306458366
wrung,0.016803811173668255,0.07769597228237332,0.04036379385015158,0.04963187527067995,0.026851450844521438,0.0422693806842789,0.0004398177542037569,0.020971832399763187
light,0.06201818969250758,0.058033780857514074,0.026851450844521438,0.033521004763967084,0.06314421827631009,0.048713728886964056,0.00023617782751171766,0.015368078198386344
those,0.06314421827631009,0.033521004763967084,0.06522304027717626,0.05786054569077523,0.10653962754439152,0.06525768731052403,0.0005541202528903321,0.02353975898114363
moist,0.027371156344737982,0.06522304027717626,0.058033780857514074,0.05786054569077523,0.06314421827631009,0.05432654828930272,0.00018986214149501797,0.013779047191116589
shard,0.05786054569077523,0.033521004763967084,0.0844521437851884,0.07769597228237332,0.03404071026418363,0.05751407535729754,0.0004519509682206501,0.021259138463744248
pleat,0.03161541792983976,0.06201818969250758,0.10653962754439152,0.0844521437851884,0.06314421827631009,0.06955391944564746,0.0006254202162588595,0.025008402912998252
aloft,0.0844521437851884,0.06201818969250758,0.06522304027717626,0.019835426591598093,0.06314421827631009,0.05893460372455608,0.0004493328589185632,0.02119747293708765
skill,0.05786054569077523,0.018189692507579038,0.058033780857514074,0.06201818969250758,0.06201818969250758,0.051624079688176706,0.00028278221379762964,0.016816129572456012
elder,0.10653962754439152,0.06201818969250758,0.03404071026418363,0.10653962754439152,0.07769597228237332,0.07736682546556953,0.0007629891956850265,0.027622259061941812
frame,0.019835426591598093,0.07769597228237332,0.0844521437851884,0.027371156344737982,0.10653962754439152,0.06317886530965786,0.001140860034950889,0.03377661964955773
humor,0.033521004763967084,0.04036379385015158,0.027371156344737982,0.06522304027717626,0.07769597228237332,0.04883499350368125,0.0003736999906780123,0.01933132149331784
pause,0.03161541792983976,0.0844521437851884,0.04036379385015158,0.05786054569077523,0.10653962754439152,0.06416630576006929,0.0007745792210457094,0.027831263374947773
ulcer,0.04036379385015158,0.06201818969250758,0.0411433521004764,0.10653962754439152,0.07769597228237332,0.06555218709398007,0.0006140354621914625,0.024779738945183875
ultra,0.04036379385015158,0.06201818969250758,0.06314421827631009,0.07769597228237332,0.0844521437851884,0.0655348635773062,0.00023148419735529395,0.01521460473871385
robin,0.07769597228237332,0.06522304027717626,0.024252923343438718,0.058033780857514074,0.04963187527067995,0.05496751840623646,0.00032060314948135425,0.017905394424065454
cynic,0.0411433521004764,0.036725855348635775,0.04963187527067995,0.058033780857514074,0.0411433521004764,0.04533564313555652,5.7795873229220905e-05,0.007602359714537382
aroma,0.0844521437851884,0.07769597228237332,0.06522304027717626,0.027371156344737982,0.0844521437851884,0.06783889129493287,0.0004587285221498491,0.021417948598076546
caulk,0.0411433521004764,0.0844521437851884,0.04036379385015158,0.06201818969250758,0.018189692507579038,0.0492334343871806,0.0005023282648854981,0.022412680894651985
shake,0.05786054569077523,0.033521004763967084,0.0844521437851884,0.018189692507579038,0.10653962754439152,0.06011260285838025,0.0010435194273411086,0.03230355131159899
dodge,0.03404071026418363,0.06522304027717626,0.03404071026418363,0.026851450844521438,0.10653962754439152,0.053339107838891286,0.0008835950836174791,0.029725327308836803
swill,0.05786054569077523,0.016803811173668255,0.058033780857514074,0.06201818969250758,0.06201818969250758,0.051346903421394544,0.00030162395777083323,0.01736732442752289
tacit,0.06314421827631009,0.0844521437851884,0.0411433521004764,0.058033780857514074,0.06314421827631009,0.061983542659159806,0.00019148930662980887,0.0138379661305341
other,0.06522304027717626,0.06314421827631009,0.033521004763967084,0.10653962754439152,0.07769597228237332,0.06922477262884366,0.0005583811327471674,0.02363008956282577
thorn,0.06314421827631009,0.033521004763967084,0.06522304027717626,0.07769597228237332,0.04963187527067995,0.05784322217410134,0.00022713808789715282,0.015071101084431516
trove,0.06314421827631009,0.07769597228237332,0.06522304027717626,0.013165872672152447,0.10653962754439152,0.06515374621048073,0.0009153761215692227,0.030255183383500136
bloke,0.024252923343438718,0.06201818969250758,0.06522304027717626,0.018189692507579038,0.10653962754439152,0.055244694673018624,0.0010220361659358816,0.031969300366693695
vivid,0.013165872672152447,0.058033780857514074,0.013165872672152447,0.058033780857514074,0.03404071026418363,0.03528800346470333,0.0004030147720680238,0.02007522782107401
spill,0.05786054569077523,0.03161541792983976,0.058033780857514074,0.06201818969250758,0.06201818969250758,0.05430922477262885,0.00013206986951655643,0.011492165571229665
chant,0.0411433521004764,0.033521004763967084,0.0844521437851884,0.04963187527067995,0.06314421827631009,0.05437851883932439,0.000322799312236131,0.017966616605141074
choke,0.0411433521004764,0.033521004763967084,0.06522304027717626,0.018189692507579038,0.10653962754439152,0.05292334343871806,0.0009495267825206542,0.030814392457432196
rupee,0.07769597228237332,0.04036379385015158,0.03161541792983976,0.10653962754439152,0.10653962754439152,0.07255088783022953,0.0010097324927163768,0.03177628821489975
nasty,0.04963187527067995,0.0844521437851884,0.05786054569077523,0.06314421827631009,0.036725855348635775,0.05836292767431789,0.0002496308999319326,0.01579971202053799
mourn,0.027371156344737982,0.06522304027717626,0.04036379385015158,0.07769597228237332,0.04963187527067995,0.052057167605023824,0.0003165409386247461,0.0177915974163296
ahead,0.0844521437851884,0.033521004763967084,0.10653962754439152,0.0844521437851884,0.03404071026418363,0.0686011260285838,0.0008733753341707493,0.029552924291358196
brine,0.024252923343438718,0.07769597228237332,0.058033780857514074,0.04963187527067995,0.10653962754439152,0.06323083585967951,0.0007632220765674679,0.02762647419718028
cloth,0.0411433521004764,0.06201818969250758,0.06522304027717626,0.06314421827631009,0.033521004763967084,0.05300996102208748,0.00017072929641876242,0.013066342120837125
hoard,0.033521004763967084,0.06522304027717626,0.0844521437851884,0.07769597228237332,0.03404071026418363,0.05898657427457774,0.0004616443348480469,0.021485910147071893
sweet,0.05786054569077523,0.016803811173668255,0.10653962754439152,0.10653962754439152,0.06314421827631009,0.07017756604590733,0.0011388667426555587,0.03374709976658081
month,0.027371156344737982,0.06522304027717626,0.04963187527067995,0.06314421827631009,0.033521004763967084,0.04777825898657427,0.0002327176257403899,0.015255085241990289
lapse,0.06201818969250758,0.0844521437851884,0.03161541792983976,0.05786054569077523,0.10653962754439152,0.0684971849285405,0.0006434336725574001,0.02536599441294191
watch,0.016803811173668255,0.0844521437851884,0.06314421827631009,0.0411433521004764,0.033521004763967084,0.04781290601992204,0.0005575576467401834,0.02361265861228217
today,0.06314421827631009,0.06522304027717626,0.03404071026418363,0.0844521437851884,0.036725855348635775,0.05671719359029883,0.0003593520074440854,0.018956582166732624
focus,0.019835426591598093,0.06522304027717626,0.0411433521004764,0.04036379385015158,0.05786054569077523,0.04488523170203552,0.00024878460600347255,0.015772907341497715
smelt,0.05786054569077523,0.027371156344737982,0.10653962754439152,0.06201818969250758,0.06314421827631009,0.06338674750974449,0.0006383529079443405,0.025265646794498265
tease,0.06314421827631009,0.10653962754439152,0.0844521437851884,0.05786054569077523,0.10653962754439152,0.08370723256821136,0.00042681603854538737,0.02065952658086306
cater,0.0411433521004764,0.0844521437851884,0.06314421827631009,0.10653962754439152,0.07769597228237332,0.07459506279774794,0.00047547433818107964,0.02180537406652497
movie,0.027371156344737982,0.06522304027717626,0.013165872672152447,0.058033780857514074,0.10653962754439152,0.05406669553919445,0.0010558279022282928,0.032493505539234954
saute,0.05786054569077523,0.0844521437851884,0.04036379385015158,0.06314421827631009,0.10653962754439152,0.07047206582936336,0.0005231134838518603,0.022871674268663857
allow,0.0844521437851884,0.06201818969250758,0.06201818969250758,0.06522304027717626,0.016803811173668255,0.05810307492420961,0.0004962505540205434,0.022276681844936946
renew,0.07769597228237332,0.10653962754439152,0.04963187527067995,0.10653962754439152,0.016803811173668255,0.07144218276310091,0.0011927624613123446,0.03453639328755023
their,0.06314421827631009,0.033521004763967084,0.10653962754439152,0.058033780857514074,0.07769597228237332,0.06778692074491122,0.0005781586017093562,0.02404492881481158
slosh,0.05786054569077523,0.06201818969250758,0.06522304027717626,0.05786054569077523,0.033521004763967084,0.055296665223040276,0.00012620763348870605,0.011234217083922941
purge,0.03161541792983976,0.04036379385015158,0.07769597228237332,0.026851450844521438,0.10653962754439152,0.05661325249025552,0.0009423650951771188,0.030697965652093605
chest,0.0411433521004764,0.033521004763967084,0.10653962754439152,0.05786054569077523,0.06314421827631009,0.060441749675184064,0.0006472269900239727,0.02544065624200706
depot,0.03404071026418363,0.10653962754439152,0.03161541792983976,0.06522304027717626,0.06314421827631009,0.06011260285838025,0.000736521803228784,0.02713893518966402
epoxy,0.10653962754439152,0.03161541792983976,0.06522304027717626,0.0032048505846686876,0.036725855348635775,0.0486617583369424,0.0012246995534636624,0.034995707643419104
nymph,0.04963187527067995,0.036725855348635775,0.027371156344737982,0.03161541792983976,0.033521004763967084,0.035773061931572106,5.718486101704199e-05,0.007562067244943144
found,0.019835426591598093,0.06522304027717626,0.04036379385015158,0.04963187527067995,0.03404071026418363,0.0418189692507579,0.00023093740744832444,0.015196624870290259
shall,0.05786054569077523,0.033521004763967084,0.0844521437851884,0.06201818969250758,0.06201818969250758,0.05997401472498918,0.0002623529184479885,0.016197312074785388
stove,0.05786054569077523,0.06314421827631009,0.06522304027717626,0.013165872672152447,0.10653962754439152,0.061186660892161106,0.0008788150234428296,0.029644814444398697
lowly,0.06201818969250758,0.06522304027717626,0.016803811173668255,0.06201818969250758,0.036725855348635775,0.048557817236899094,0.0003576810270917218,0.018912456929011678
snout,0.05786054569077523,0.04963187527067995,0.06522304027717626,0.04036379385015158,0.06314421827631009,0.055244694673018624,8.435149632906875e-05,0.009184307068531013
trope,0.06314421827631009,0.07769597228237332,0.06522304027717626,0.03161541792983976,0.10653962754439152,0.06884365526201819,0.0005861767865251701,0.024211088090483873
fewer,0.019835426591598093,0.10653962754439152,0.016803811173668255,0.10653962754439152,0.07769597228237332,0.06548289302728454,0.0015947628810831361,0.03993448235651911
shawl,0.05786054569077523,0.033521004763967084,0.0844521437851884,0.016803811173668255,0.06201818969250758,0.0509311390212213,0.0005524768821271238,0.023504826783601784
natal,0.04963187527067995,0.0844521437851884,0.06314421827631009,0.0844521437851884,0.06201818969250758,0.06873971416197489,0.0001870717723649395,0.01367741833698668
comma,0.0411433521004764,0.06522304027717626,0.027371156344737982,0.027371156344737982,0.0844521437851884,0.0491121697704634,0.0005034638592916303,0.022438000340752967
foray,0.019835426591598093,0.06522304027717626,0.07769597228237332,0.0844521437851884,0.036725855348635775,0.056786487656994365,0.0006083160757770683,0.024664064461825192
scare,0.05786054569077523,0.0411433521004764,0.0844521437851884,0.07769597228237332,0.10653962754439152,0.07353832828064097,0.0005041420948513181,0.022453108801484885
stair,0.05786054569077523,0.06314421827631009,0.0844521437851884,0.058033780857514074,0.07769597228237332,0.06823733217843223,0.0001180231909294997,0.010863847887811192
black,0.024252923343438718,0.06201818969250758,0.0844521437851884,0.0411433521004764,0.018189692507579038,0.04601126028583803,0.0006010169406962155,0.024515646854533852
squad,0.05786054569077523,0.0025119099177132957,0.04036379385015158,0.0844521437851884,0.03404071026418363,0.04384582070160242,0.0007324085746530844,0.02706304814046423
royal,0.07769597228237332,0.06522304027717626,0.036725855348635775,0.0844521437851884,0.06201818969250758,0.06522304027717626,0.00026953861412992,0.016417631197280562
chunk,0.0411433521004764,0.033521004763967084,0.04036379385015158,0.04963187527067995,0.018189692507579038,0.03656994369857081,0.00011061061644972571,0.010517158192673804
mince,0.027371156344737982,0.058033780857514074,0.04963187527067995,0.0411433521004764,0.10653962754439152,0.056543958423559984,0.0007275588902970864,0.02697329958119856
shame,0.05786054569077523,0.033521004763967084,0.0844521437851884,0.027371156344737982,0.10653962754439152,0.06194889562581204,0.0009030418377182627,0.030050654530613185
cheek,0.0411433521004764,0.033521004763967084,0.10653962754439152,0.10653962754439152,0.018189692507579038,0.061186660892161106,0.0014259290429807405,0.03776147564622893
ample,0.0844521437851884,0.027371156344737982,0.03161541792983976,0.06201818969250758,0.10653962754439152,0.06239930705933304,0.0009218919846099049,0.030362674200569106
flair,0.019835426591598093,0.06201818969250758,0.0844521437851884,0.058033780857514074,0.07769597228237332,0.06040710264183628,0.0005062716344670459,0.022500480760798112
foyer,0.019835426591598093,0.06522304027717626,0.036725855348635775,0.10653962754439152,0.07769597228237332,0.06120398440883499,0.0009307990781548316,0.030508999953371654
cargo,0.0411433521004764,0.0844521437851884,0.07769597228237332,0.026851450844521438,0.06522304027717626,0.05907319185794717,0.00047768790698119335,0.021856072542458155
oxide,0.06522304027717626,0.0032048505846686876,0.058033780857514074,0.03404071026418363,0.10653962754439152,0.053408401905586836,0.0011758821985860964,0.03429113877645501
plant,0.03161541792983976,0.06201818969250758,0.0844521437851884,0.04963187527067995,0.06314421827631009,0.05817236899090515,0.00030166957361378577,0.017368637644150038
olive,0.06522304027717626,0.06201818969250758,0.058033780857514074,0.013165872672152447,0.10653962754439152,0.06099610220874837,0.0008779261147137167,0.02962981800001
inert,0.058033780857514074,0.04963187527067995,0.10653962754439152,0.07769597228237332,0.06314421827631009,0.0710090948462538,0.00039886673140164996,0.019971648189412158
askew,0.0844521437851884,0.05786054569077523,0.018189692507579038,0.10653962754439152,0.016803811173668255,0.05676916414032048,0.0012660485144746834,0.03558157549174409
heist,0.033521004763967084,0.10653962754439152,0.058033780857514074,0.05786054569077523,0.06314421827631009,0.0638198354265916,0.0005624895596551879,0.023716862348447103
shown,0.05786054569077523,0.033521004763967084,0.06522304027717626,0.016803811173668255,0.04963187527067995,0.044608055435253355,0.0003043687110579593,0.01744616608478663
zesty,0.0034647033347769596,0.10653962754439152,0.05786054569077523,0.06314421827631009,0.036725855348635775,0.053546990038977914,0.0011420238391546364,0.03379384321373697
trash,0.06314421827631009,0.07769597228237332,0.0844521437851884,0.05786054569077523,0.033521004763967084,0.06333477695972281,0.0003142103291749516,0.017725978934178828
larva,0.06201818969250758,0.0844521437851884,0.07769597228237332,0.013165872672152447,0.0844521437851884,0.06435686444348203,0.0007223118679406342,0.026875860320009
forgo,0.019835426591598093,0.06522304027717626,0.07769597228237332,0.026851450844521438,0.06522304027717626,0.05096578605456907,0.0005343283789251054,0.023115544097535436
story,0.05786054569077523,0.06314421827631009,0.06522304027717626,0.07769597228237332,0.036725855348635775,0.060129926375054134,0.00017929847260076513,0.013390237959079187
hairy,0.033521004763967084,0.0844521437851884,0.058033780857514074,0.07769597228237332,0.036725855348635775,0.058085751407535725,0.0004278844096040105,0.020685367040592016
train,0.06314421827631009,0.07769597228237332,0.0844521437851884,0.058033780857514074,0.04963187527067995,0.06659159809441317,0.00016301181604135888,0.012767608078311257
homer,0.033521004763967084,0.06522304027717626,0.027371156344737982,0.10653962754439152,0.07769597228237332,0.062070160242529225,0.0008501430653133718,0.029157212920877258
badge,0.024252923343438718,0.0844521437851884,0.03404071026418363,0.026851450844521438,0.10653962754439152,0.05522737115634474,0.0011401037722914141,0.033765422732307294
midst,0.027371156344737982,0.058033780857514074,0.03404071026418363,0.05786054569077523,0.06314421827631009,0.0480900822867042,0.0002095249706413659,0.014474977396920725
canny,0.0411433521004764,0.0844521437851884,0.04963187527067995,0.04963187527067995,0.036725855348635775,0.052317020355132096,0.00028300429092779287,0.016822731375368057
shine,0.05786054569077523,0.033521004763967084,0.058033780857514074,0.04963187527067995,0.10653962754439152,0.06111736682546557,0.0005953545740855122,0.024399888812974377
gecko,0.026851450844521438,0.10653962754439152,0.0411433521004764,0.018189692507579038,0.06522304027717626,0.05158943265482894,0.0010084060320199961,0.031755409492242356
farce,0.019835426591598093,0.0844521437851884,0.07769597228237332,0.0411433521004764,0.10653962754439152,0.06593330446080554,0.0009739474641286352,0.031208131378354508
slung,0.05786054569077523,0.06201818969250758,0.04036379385015158,0.04963187527067995,0.026851450844521438,0.04734517106972715,0.00015996635831582256,0.012647780766435768
tipsy,0.06314421827631009,0.058033780857514074,0.03161541792983976,0.05786054569077523,0.036725855348635775,0.04947596362061498,0.00016238459820076253,0.012743021549097473
metal,0.027371156344737982,0.10653962754439152,0.06314421827631009,0.0844521437851884,0.06201818969250758,0.06870506712862712,0.0006927107871152501,0.02631939944442597
yield,0.036725855348635775,0.058033780857514074,0.10653962754439152,0.06201818969250758,0.03404071026418363,0.05947163274144651,0.0006776101424726076,0.026030945862042885
delve,0.03404071026418363,0.10653962754439152,0.06201818969250758,0.013165872672152447,0.10653962754439152,0.06446080554352533,0.0014207546458479363,0.03769289914357791
being,0.024252923343438718,0.10653962754439152,0.058033780857514074,0.04963187527067995,0.026851450844521438,0.05306193157210913,0.0008826593586284938,0.029709583615872063
scour,0.05786054569077523,0.0411433521004764,0.06522304027717626,0.04036379385015158,0.07769597228237332,0.056457340840190565,0.00020468128836996692,0.014306686841123172
glass,0.026851450844521438,0.06201818969250758,0.0844521437851884,0.05786054569077523,0.05786054569077523,0.05780857514075357,0.0003371899102707109,0.018362731557987524
gamer,0.026851450844521438,0.0844521437851884,0.027371156344737982,0.10653962754439152,0.07769597228237332,0.06458207016024253,0.0010270965234613048,0.03204834665721938
scrap,0.05786054569077523,0.0411433521004764,0.07769597228237332,0.0844521437851884,0.03161541792983976,0.058553486357730625,0.00041328553923384513,0.020329425452625196
money,0.027371156344737982,0.06522304027717626,0.04963187527067995,0.10653962754439152,0.036725855348635775,0.057098310957124296,0.0007729886686269726,0.02780267376758884
hinge,0.033521004763967084,0.058033780857514074,0.04963187527067995,0.026851450844521438,0.10653962754439152,0.05491554785621481,0.0007896012383801051,0.02809984409885765
album,0.0844521437851884,0.06201818969250758,0.024252923343438718,0.04036379385015158,0.027371156344737982,0.04769164140320485,0.0005145154976637824,0.022682934062060452
vouch,0.013165872672152447,0.06522304027717626,0.04036379385015158,0.0411433521004764,0.033521004763967084,0.03868341273278475,0.0002782044238739667,0.016679461138596974
asset,0.0844521437851884,0.05786054569077523,0.05786054569077523,0.10653962754439152,0.06314421827631009,0.07397141619748808,0.0003613765105793306,0.019009905591015716
tiara,0.06314421827631009,0.058033780857514074,0.0844521437851884,0.07769597228237332,0.0844521437851884,0.07355565179731485,0.0001207871508873426,0.01099032078182173
crept,0.0411433521004764,0.07769597228237332,0.10653962754439152,0.03161541792983976,0.06314421827631009,0.06402771762667821,0.0007138231196922581,0.026717468437190268
bayou,0.024252923343438718,0.0844521437851884,0.036725855348635775,0.06522304027717626,0.04036379385015158,0.05020355132091815,0.0004700910685042299,0.02168158362537732
atoll,0.0844521437851884,0.06314421827631009,0.06522304027717626,0.06201818969250758,0.06201818969250758,0.06737115634473798,7.43100087949296e-05,0.008620325329993619
manor,0.027371156344737982,0.0844521437851884,0.04963187527067995,0.06522304027717626,0.07769597228237332,0.06087483759203118,0.0004213295330134347,0.02052631318608957
creak,0.0411433521004764,0.07769597228237332,0.10653962754439152,0.0844521437851884,0.018189692507579038,0.06560415764400172,0.0010047267541608046,0.03169742503991144
showy,0.05786054569077523,0.033521004763967084,0.06522304027717626,0.016803811173668255,0.036725855348635775,0.04202685145084452,0.000305084159542161,0.017466658511065047
peach,0.03161541792983976,0.10653962754439152,0.0844521437851884,0.0411433521004764,0.033521004763967084,0.05945430922477263,0.0009249500467130991,0.030412991413425596
froth,0.019835426591598093,0.07769597228237332,0.06522304027717626,0.06314421827631009,0.033521004763967084,0.05188393243828497,0.00046705821515635146,0.02161152968108346
depth,0.03404071026418363,0.10653962754439152,0.03161541792983976,0.06314421827631009,0.033521004763967084,0.05377219575573842,0.0008325203447222265,0.028853428647601424
gloom,0.026851450844521438,0.06201818969250758,0.06522304027717626,0.06522304027717626,0.027371156344737982,0.04933737548722391,0.0003307286661998795,0.018185946942622468
flood,0.019835426591598093,0.06201818969250758,0.06522304027717626,0.06522304027717626,0.03404071026418363,0.04926808142052837,0.0003539681375587759,0.01881404096835063
trait,0.06314421827631009,0.07769597228237332,0.0844521437851884,0.058033780857514074,0.06314421827631009,0.0692940666955392,0.00010055892537176822,0.010027907327641606
girth,0.026851450844521438,0.058033780857514074,0.07769597228237332,0.06314421827631009,0.033521004763967084,0.051849285404937204,0.00035893846381521383,0.018945671374095294
piety,0.03161541792983976,0.058033780857514074,0.10653962754439152,0.06314421827631009,0.036725855348635775,0.05921177999133823,0.0007047905825792121,0.026547892243626654
goose,0.026851450844521438,0.06522304027717626,0.06522304027717626,0.05786054569077523,0.10653962754439152,0.06433954092680814,0.0006459485460043842,0.025415517818930707
float,0.019835426591598093,0.06201818969250758,0.06522304027717626,0.0844521437851884,0.06314421827631009,0.05893460372455608,0.0004493328589185631,0.021197472937087646
donor,0.03404071026418363,0.06522304027717626,0.04963187527067995,0.06522304027717626,0.07769597228237332,0.058362927674317874,0.00022713808789715274,0.015071101084431514
atone,0.0844521437851884,0.06314421827631009,0.06522304027717626,0.04963187527067995,0.10653962754439152,0.07379818103074924,0.00039131190751687955,0.019781605281596323
primo,0.03161541792983976,0.07769597228237332,0.058033780857514074,0.027371156344737982,0.06522304027717626,0.051987873538328275,0.00037872973757198045,0.019460979871835347
apron,0.0844521437851884,0.03161541792983976,0.07769597228237332,0.06522304027717626,0.04963187527067995,0.06172368990905154,0.0003673323791269255,0.01916591712198833
blown,0.024252923343438718,0.06201818969250758,0.06522304027717626,0.016803811173668255,0.04963187527067995,0.04358596795149415,0.00038710264558759565,0.019674924284164237
cacao,0.0411433521004764,0.0844521437851884,0.0411433521004764,0.0844521437851884,0.06522304027717626,0.06328280640970116,0.0003760714143030801,0.019392560797973024
loser,0.06201818969250758,0.06522304027717626,0.05786054569077523,0.10653962754439152,0.07769597228237332,0.07386747509744478,0.00031069610864223286,0.017626573933757883
input,0.058033780857514074,0.04963187527067995,0.03161541792983976,0.04036379385015158,0.06314421827631009,0.04855781723689909,0.00013157949920481753,0.011470810747493725
gloat,0.026851450844521438,0.06201818969250758,0.06522304027717626,0.0844521437851884,0.06314421827631009,0.06033780857514075,0.0003474804843157089,0.018640828423536034
awful,0.0844521437851884,0.016803811173668255,0.019835426591598093,0.04036379385015158,0.06201818969250758,0.04469467301862278,0.0006590799066900924,0.025672551620166087
brink,0.024252923343438718,0.07769597228237332,0.058033780857514074,0.04963187527067995,0.018189692507579038,0.045560848852317024,0.00048160426718204565,0.021945483981494818
smite,0.05786054569077523,0.027371156344737982,0.058033780857514074,0.06314421827631009,0.10653962754439152,0.06258986574274578,0.0006430741476899195,0.02535890667378859
beady,0.024252923343438718,0.10653962754439152,0.0844521437851884,0.03404071026418363,0.036725855348635775,0.0572022520571676,0.0010436262644469708,0.03230520491262934
rusty,0.07769597228237332,0.04036379385015158,0.05786054569077523,0.06314421827631009,0.036725855348635775,0.055158077089649205,0.00022753122443838772,0.015084138173538047
retro,0.07769597228237332,0.10653962754439152,0.06314421827631009,0.07769597228237332,0.06522304027717626,0.0780597661325249,0.00023972445930127117,0.015483037793058286
droll,0.03404071026418363,0.07769597228237332,0.06522304027717626,0.06201818969250758,0.06201818969250758,0.060199220441749676,0.00020445200873828485,0.01429867157250228
gawky,0.026851450844521438,0.0844521437851884,0.016803811173668255,0.018189692507579038,0.036725855348635775,0.03660459073191859,0.0006231412247366163,0.02496279681319015
hutch,0.033521004763967084,0.04036379385015158,0.06314421827631009,0.0411433521004764,0.033521004763967084,0.04233867475097445,0.00011874044003908105,0.010896808708933137
pinto,0.03161541792983976,0.058033780857514074,0.04963187527067995,0.06314421827631009,0.06522304027717626,0.05352966652230402,0.00014897774183195996,0.012205643851594228
egret,0.10653962754439152,0.026851450844521438,0.07769597228237332,0.10653962754439152,0.06314421827631009,0.07615417929839759,0.0008897892349236547,0.02982933514048972
lilac,0.06201818969250758,0.058033780857514074,0.06201818969250758,0.0844521437851884,0.0411433521004764,0.06153313122563879,0.00019074804918183143,0.013811156692392981
sever,0.05786054569077523,0.10653962754439152,0.013165872672152447,0.10653962754439152,0.07769597228237332,0.07236032914681681,0.0012158290726347898,0.034868740623010604
field,0.019835426591598093,0.058033780857514074,0.10653962754439152,0.06201818969250758,0.03404071026418363,0.056093546990038975,0.0008769303688787413,0.029613010128636725
fluff,0.019835426591598093,0.06201818969250758,0.04036379385015158,0.019835426591598093,0.019835426591598093,0.032377652663490686,0.000282852438187438,0.01681821744976078
agape,0.0844521437851884,0.026851450844521438,0.0844521437851884,0.03161541792983976,0.10653962754439152,0.06678215677782591,0.0010072548321939064,0.03173727827325315
voice,0.013165872672152447,0.06522304027717626,0.058033780857514074,0.0411433521004764,0.10653962754439152,0.05682113469034213,0.0009391131657413767,0.03064495334865721
stead,0.05786054569077523,0.06314421827631009,0.10653962754439152,0.0844521437851884,0.03404071026418363,0.06920744911216978,0.0006056613537589275,0.02461018800738685
berth,0.024252923343438718,0.10653962754439152,0.07769597228237332,0.06314421827631009,0.033521004763967084,0.06103074924209614,0.0008925297867515613,0.02987523701582234
madam,0.027371156344737982,0.0844521437851884,0.03404071026418363,0.0844521437851884,0.027371156344737982,0.05153746210480727,0.0007281819066784633,0.026984845870941403
night,0.04963187527067995,0.058033780857514074,0.026851450844521438,0.033521004763967084,0.06314421827631009,0.04623646600259852,0.00019480785920459996,0.0139573586041414
bland,0.024252923343438718,0.06201818969250758,0.0844521437851884,0.04963187527067995,0.03404071026418363,0.05087916847119965,0.0004490537619847093,0.021190888654908018
liver,0.06201818969250758,0.058033780857514074,0.013165872672152447,0.10653962754439152,0.07769597228237332,0.0634906886097878,0.0009239068844097917,0.030395836629541744
wedge,0.016803811173668255,0.10653962754439152,0.03404071026418363,0.026851450844521438,0.10653962754439152,0.05815504547423127,0.001590695268350389,0.03988352126317822
roomy,0.07769597228237332,0.06522304027717626,0.06522304027717626,0.027371156344737982,0.036725855348635775,0.054447812906019924,0.00036398021487837987,0.019078265510218163
wacky,0.016803811173668255,0.0844521437851884,0.0411433521004764,0.018189692507579038,0.036725855348635775,0.039462970983109566,0.0006000662104957328,0.024496248906633294
flock,0.019835426591598093,0.06201818969250758,0.06522304027717626,0.0411433521004764,0.018189692507579038,0.04128194023386748,0.0003992784744051419,0.019981953718421576
angry,0.0844521437851884,0.04963187527067995,0.026851450844521438,0.07769597228237332,0.036725855348635775,0.05507145950627977,0.000507522468897479,0.022528259340159392
trite,0.06314421827631009,0.07769597228237332,0.058033780857514074,0.06314421827631009,0.10653962754439152,0.07371156344737981,0.0003125375481972083,0.017678731521158647
aphid,0.0844521437851884,0.03161541792983976,0.033521004763967084,0.058033780857514074,0.03404071026418363,0.04833261152013858,0.00042036799906067376,0.020502877823873257
tryst,0.06314421827631009,0.07769597228237332,0.036725855348635775,0.05786054569077523,0.06314421827631009,0.0597141619748809,0.00017575484185351122,0.01325725619626894
midge,0.027371156344737982,0.058033780857514074,0.03404071026418363,0.026851450844521438,0.10653962754439152,0.05056734517106972,0.0009124561074118055,0.030206888409960494
power,0.03161541792983976,0.06522304027717626,0.016803811173668255,0.10653962754439152,0.07769597228237332,0.059575573841489815,0.0010354118114647693,0.03217781551729031
elope,0.10653962754439152,0.06201818969250758,0.06522304027717626,0.03161541792983976,0.10653962754439152,0.07438718059766133,0.000826791354972474,0.02875397981101875
cinch,0.0411433521004764,0.058033780857514074,0.04963187527067995,0.0411433521004764,0.033521004763967084,0.044694673018622774,7.047647736154361e-05,0.008395026942276219
motto,0.027371156344737982,0.06522304027717626,0.06314421827631009,0.06314421827631009,0.06522304027717626,0.05682113469034213,0.00021768960632139546,0.014754308059729384
stomp,0.05786054569077523,0.06314421827631009,0.06522304027717626,0.027371156344737982,0.03161541792983976,0.04904287570376787,0.000262355319281828,0.016197386186722475
upset,0.04036379385015158,0.03161541792983976,0.05786054569077523,0.10653962754439152,0.06314421827631009,0.05990472065829364,0.000674324001154651,0.025967749250842883
bluff,0.024252923343438718,0.06201818969250758,0.04036379385015158,0.019835426591598093,0.019835426591598093,0.03326115201385881,0.0002638126254224671,0.016242309731761276
cramp,0.0411433521004764,0.07769597228237332,0.0844521437851884,0.027371156344737982,0.03161541792983976,0.05245560848852317,0.0005704729323803274,0.02388457519782019
quart,0.0025119099177132957,0.04036379385015158,0.0844521437851884,0.07769597228237332,0.06314421827631009,0.05363360762234733,0.0008817494426032841,0.0296942661570089
coyly,0.0411433521004764,0.06522304027717626,0.036725855348635775,0.06201818969250758,0.036725855348635775,0.04836725855348636,0.00015873893201532552,0.01259916394112425
youth,0.036725855348635775,0.06522304027717626,0.04036379385015158,0.06314421827631009,0.033521004763967084,0.047795582503248155,0.00018416616321056001,0.013570783441296232
rhyme,0.07769597228237332,0.033521004763967084,0.036725855348635775,0.027371156344737982,0.10653962754439152,0.05637072325682113,0.0009441381109676656,0.03072683047383289
buggy,0.024252923343438718,0.04036379385015158,0.026851450844521438,0.026851450844521438,0.036725855348635775,0.031009094846253794,4.008192095217071e-05,0.006331028427686193
alien,0.0844521437851884,0.06201818969250758,0.058033780857514074,0.10653962754439152,0.04963187527067995,0.0721351234300563,0.0004285950564205331,0.020702537439177188
smear,0.05786054569077523,0.027371156344737982,0.10653962754439152,0.0844521437851884,0.07769597228237332,0.0707838891294933,0.0007129498163831026,0.026701120133490703
unfit,0.04036379385015158,0.04963187527067995,0.019835426591598093,0.058033780857514074,0.06314421827631009,0.046201818969250755,0.00023361493738794154,0.015284467193459559
patty,0.03161541792983976,0.0844521437851884,0.06314421827631009,0.06314421827631009,0.036725855348635775,0.055816370723256827,0.0003755072183507733,0.01937800862706933
cling,0.0411433521004764,0.06201818969250758,0.058033780857514074,0.04963187527067995,0.026851450844521438,0.04753572975313989,0.00015860928698798702,0.012594017904862094
glean,0.026851450844521438,0.06201818969250758,0.10653962754439152,0.0844521437851884,0.04963187527067995,0.06589865742745779,0.0007600541763161118,0.0275690800774366
label,0.06201818969250758,0.0844521437851884,0.024252923343438718,0.10653962754439152,0.06201818969250758,0.06785621481160675,0.0007482486761183244,0.0273541345342587
hunky,0.033521004763967084,0.04036379385015158,0.04963187527067995,0.018189692507579038,0.036725855348635775,0.03568644434820269,0.0001056516941540259,0.010278700995457836
khaki,0.018189692507579038,0.033521004763967084,0.0844521437851884,0.018189692507579038,0.058033780857514074,0.04247726288436553,0.0006527765174442148,0.02554949153005231
poker,0.03161541792983976,0.06522304027717626,0.018189692507579038,0.10653962754439152,0.07769597228237332,0.05985275010827198,0.0010120084831963202,0.0318120807743901
gruel,0.026851450844521438,0.07769597228237332,0.04036379385015158,0.10653962754439152,0.06201818969250758,0.0626938068427891,0.0007862562766330781,0.028040261707642428
twice,0.06314421827631009,0.016803811173668255,0.058033780857514074,0.0411433521004764,0.10653962754439152,0.057132957990472064,0.0008720146615921543,0.029529894371503503
twang,0.06314421827631009,0.016803811173668255,0.0844521437851884,0.04963187527067995,0.026851450844521438,0.04817669987007363,0.0005962152730170097,0.02441751979659297
shrug,0.05786054569077523,0.033521004763967084,0.07769597228237332,0.04036379385015158,0.026851450844521438,0.047258553486357734,0.00033830929904842574,0.018393186212519726
treat,0.06314421827631009,0.07769597228237332,0.10653962754439152,0.0844521437851884,0.06314421827631009,0.07899523603291467,0.0002585337920176402,0.016078986038231397
waste,0.016803811173668255,0.0844521437851884,0.05786054569077523,0.06314421827631009,0.10653962754439152,0.06576006929406669,0.0008956652757460826,0.029927667395673898
merit,0.027371156344737982,0.10653962754439152,0.07769597228237332,0.058033780857514074,0.06314421827631009,0.0665569510610654,0.0006685019790936141,0.02585540522006209
woven,0.016803811173668255,0.06522304027717626,0.013165872672152447,0.10653962754439152,0.04963187527067995,0.05027284538761369,0.0011773947239050464,0.03431318586061408
needy,0.04963187527067995,0.10653962754439152,0.10653962754439152,0.03404071026418363,0.036725855348635775,0.06669553919445648,0.0010861582363324565,0.03295691484851785
clown,0.0411433521004764,0.06201818969250758,0.06522304027717626,0.016803811173668255,0.04963187527067995,0.04696405370290169,0.00030213113391944934,0.01738191974206098
irony,0.058033780857514074,0.07769597228237332,0.06522304027717626,0.04963187527067995,0.036725855348635775,0.05746210480727587,0.00019225457241618226,0.013865589508426328
ruder,0.07769597228237332,0.04036379385015158,0.03404071026418363,0.10653962754439152,0.07769597228237332,0.06726721524469467,0.0007175270060983056,0.026786694572087568
gauze,0.026851450844521438,0.0844521437851884,0.04036379385015158,0.0034647033347769596,0.10653962754439152,0.05233434387180598,0.0014301359040761845,0.03781713770337708
chief,0.0411433521004764,0.033521004763967084,0.058033780857514074,0.10653962754439152,0.019835426591598093,0.05181463837158943,0.0009009411081086101,0.030015681036894868
onset,0.06522304027717626,0.04963187527067995,0.05786054569077523,0.10653962754439152,0.06314421827631009,0.06847986141186661,0.00039112764351969,0.019776947275039442
prize,0.03161541792983976,0.07769597228237332,0.058033780857514074,0.0034647033347769596,0.10653962754439152,0.05546990038977913,0.0012764531281270627,0.035727484212116904
fungi,0.019835426591598093,0.04036379385015158,0.04963187527067995,0.026851450844521438,0.058033780857514074,0.03894326548289302,0.00019840670913016476,0.014085691645431003
charm,0.0411433521004764,0.033521004763967084,0.0844521437851884,0.07769597228237332,0.027371156344737982,0.05283672585534863,0.0005551688170697786,0.023562020649124698
gully,0.026851450844521438,0.04036379385015158,0.06201818969250758,0.06201818969250758,0.036725855348635775,0.04559549588566479,0.00019935803953910746,0.014119420651680701
inter,0.058033780857514074,0.04963187527067995,0.06314421827631009,0.10653962754439152,0.07769597228237332,0.0710090948462538,0.00039886673140164996,0.019971648189412158
whoop,0.016803811173668255,0.033521004763967084,0.06522304027717626,0.06522304027717626,0.03161541792983976,0.04247726288436553,0.00037841222729669287,0.019452820548616925
taunt,0.06314421827631009,0.0844521437851884,0.04036379385015158,0.04963187527067995,0.06314421827631009,0.06014724989172802,0.0002221299485077411,0.01490402457417932
leery,0.06201818969250758,0.10653962754439152,0.10653962754439152,0.07769597228237332,0.036725855348635775,0.07790385448245994,0.0007176080342403922,0.026788206999356867
class,0.0411433521004764,0.06201818969250758,0.0844521437851884,0.05786054569077523,0.05786054569077523,0.06066695539194457,0.00019289679546827607,0.013888729080382987
theme,0.06314421827631009,0.033521004763967084,0.10653962754439152,0.027371156344737982,0.10653962754439152,0.06742312689475963,0.001166404907004264,0.03415267056914092
lofty,0.06201818969250758,0.06522304027717626,0.019835426591598093,0.06314421827631009,0.036725855348635775,0.04938934603724556,0.0003266376453371962,0.018073119413570978
tibia,0.06314421827631009,0.058033780857514074,0.024252923343438718,0.058033780857514074,0.0844521437851884,0.05758336942399307,0.00037283569049575526,0.019308953635444756
booze,0.024252923343438718,0.06522304027717626,0.06522304027717626,0.0034647033347769596,0.10653962754439152,0.05294066695539194,0.0012890839149572136,0.03590381476886841
alpha,0.0844521437851884,0.06201818969250758,0.03161541792983976,0.033521004763967084,0.0844521437851884,0.05921177999133824,0.0005407205990230481,0.023253399730427553
thyme,0.06314421827631009,0.033521004763967084,0.036725855348635775,0.027371156344737982,0.10653962754439152,0.05346037245560849,0.0008538907669369919,0.02922140939340524
doubt,0.03404071026418363,0.06522304027717626,0.04036379385015158,0.024252923343438718,0.06314421827631009,0.045404937202252055,0.00026188115459850646,0.01618274249311613
parer,0.03161541792983976,0.0844521437851884,0.07769597228237332,0.10653962754439152,0.07769597228237332,0.07559982676483326,0.0005958101323065767,0.024409222279838758
chute,0.0411433521004764,0.033521004763967084,0.04036379385015158,0.06314421827631009,0.10653962754439152,0.056942399307059334,0.0007142738762456436,0.026725902720874436
stick,0.05786054569077523,0.06314421827631009,0.058033780857514074,0.0411433521004764,0.018189692507579038,0.04767431788653097,0.00027247843516651376,0.01650692082632354
trice,0.06314421827631009,0.07769597228237332,0.058033780857514074,0.0411433521004764,0.10653962754439152,0.06931139021221308,0.00048297994497213816,0.02197680470341715
alike,0.0844521437851884,0.06201818969250758,0.058033780857514074,0.018189692507579038,0.10653962754439152,0.06584668687743613,0.0008697932900820617,0.029492258138061618
recap,0.07769597228237332,0.10653962754439152,0.0411433521004764,0.0844521437851884,0.03161541792983976,0.06828930272845388,0.0007789373346730487,0.027909448842158253
saint,0.05786054569077523,0.0844521437851884,0.058033780857514074,0.04963187527067995,0.06314421827631009,0.06262451277609354,0.000137858880112299,0.01174133212682015
glory,0.026851450844521438,0.06201818969250758,0.06522304027717626,0.07769597228237332,0.036725855348635775,0.05370290168904288,0.0003573491118133967,0.01890367984846857
grate,0.026851450844521438,0.07769597228237332,0.0844521437851884,0.06314421827631009,0.10653962754439152,0.07173668254655693,0.0006993911072739452,0.026446003616311203
admit,0.0844521437851884,0.03404071026418363,0.027371156344737982,0.058033780857514074,0.06314421827631009,0.053408401905586836,0.00042658795933062506,0.020654005890640804
brisk,0.024252923343438718,0.07769597228237332,0.058033780857514074,0.05786054569077523,0.018189692507579038,0.047206582936336075,0.0005058376837505376,0.022490835550297763
soggy,0.05786054569077523,0.06522304027717626,0.026851450844521438,0.026851450844521438,0.036725855348635775,0.04270246860112603,0.0002550345766964188,0.01596980202433389
usurp,0.04036379385015158,0.05786054569077523,0.04036379385015158,0.07769597228237332,0.03161541792983976,0.0495799047206583,0.00027033569096466815,0.0164418883028887
scald,0.05786054569077523,0.0411433521004764,0.0844521437851884,0.06201818969250758,0.03404071026418363,0.055902988306626246,0.0003104176119168389,0.01761867225181395
scorn,0.05786054569077523,0.0411433521004764,0.06522304027717626,0.07769597228237332,0.04963187527067995,0.05831095712429624,0.00015876234014526166,0.012600092862565008
leave,0.06201818969250758,0.10653962754439152,0.0844521437851884,0.013165872672152447,0.10653962754439152,0.07454309224772629,0.0012139564222398993,0.034841877421285715
twine,0.06314421827631009,0.016803811173668255,0.058033780857514074,0.04963187527067995,0.10653962754439152,0.058830662624512774,0.0008292522096580671,0.028796739566452085
sting,0.05786054569077523,0.06314421827631009,0.058033780857514074,0.04963187527067995,0.026851450844521438,0.051104374187960155,0.00016579858392067794,0.012876279894467888
bough,0.024252923343438718,0.06522304027717626,0.04036379385015158,0.026851450844521438,0.033521004763967084,0.03804244261585101,0.00021600121992369474,0.014696979959287376
marxh,0.027371156344737982,0.0844521437851884,0.07769597228237332,0.0032048505846686876,0.033521004763967084,0.04524902555218709,0.0009629132318018201,0.031030843233818512
sloth,0.05786054569077523,0.06201818969250758,0.06522304027717626,0.06314421827631009,0.033521004763967084,0.05635339974014725,0.00013609306682327104,0.01166589331441322
dandy,0.03404071026418363,0.0844521437851884,0.04963187527067995,0.03404071026418363,0.036725855348635775,0.04777825898657427,0.0003696011671053503,0.019225014098963628
vigor,0.013165872672152447,0.058033780857514074,0.026851450844521438,0.06522304027717626,0.07769597228237332,0.04819402338674751,0.00058792999543654,0.02424726779322858
howdy,0.033521004763967084,0.06522304027717626,0.016803811173668255,0.03404071026418363,0.036725855348635775,0.037262884365526196,0.00024500329270609795,0.0156525810237832
enjoy,0.10653962754439152,0.04963187527067995,0.0023386747509744478,0.06522304027717626,0.036725855348635775,0.05209181463837159,0.0011709064704535194,0.034218510640492805
valid,0.013165872672152447,0.0844521437851884,0.06201818969250758,0.058033780857514074,0.03404071026418363,0.05034213945430922,0.0006013590595183589,0.024522623422430948
ionic,0.058033780857514074,0.06522304027717626,0.04963187527067995,0.058033780857514074,0.0411433521004764,0.054413165872672156,6.840395754950638e-05,0.008270668506808042
equal,0.10653962754439152,0.0025119099177132957,0.04036379385015158,0.0844521437851884,0.06201818969250758,0.05917713295799047,0.001290998579944297,0.03593046868528571
floor,0.019835426591598093,0.06201818969250758,0.06522304027717626,0.06522304027717626,0.07769597228237332,0.057999133824166306,0.00039299129078768167,0.01982400793955858
catch,0.0411433521004764,0.0844521437851884,0.06314421827631009,0.0411433521004764,0.033521004763967084,0.05268081420528368,0.0003504449138991586,0.018720173981540838
spade,0.05786054569077523,0.03161541792983976,0.0844521437851884,0.03404071026418363,0.10653962754439152,0.06290168904287571,0.0008411783517562945,0.029003074867266995
stein,0.05786054569077523,0.06314421827631009,0.10653962754439152,0.058033780857514074,0.04963187527067995,0.06704200952793418,0.00040876296848849325,0.02021788733989022
exist,0.10653962754439152,0.0032048505846686876,0.058033780857514074,0.05786054569077523,0.06314421827631009,0.05775660459073192,0.0010769582410590979,0.03281704193036139
quirk,0.0025119099177132957,0.04036379385015158,0.058033780857514074,0.07769597228237332,0.018189692507579038,0.03935902988306626,0.0007250656243546587,0.02692704262177075
denim,0.03404071026418363,0.10653962754439152,0.04963187527067995,0.058033780857514074,0.027371156344737982,0.05512343005630142,0.0007793844899756748,0.027917458515697213
grove,0.026851450844521438,0.07769597228237332,0.06522304027717626,0.013165872672152447,0.10653962754439152,0.057895192724123,0.0011552950484115016,0.033989631483902584
spiel,0.05786054569077523,0.03161541792983976,0.058033780857514074,0.10653962754439152,0.06201818969250758,0.06321351234300562,0.0005865008990935164,0.02421778063930542
mummy,0.027371156344737982,0.04036379385015158,0.027371156344737982,0.027371156344737982,0.036725855348635775,0.031840623646600265,3.128766659770523e-05,0.005593537932087815
fault,0.019835426591598093,0.0844521437851884,0.04036379385015158,0.06201818969250758,0.06314421827631009,0.05396275443915115,0.0004856796826247717,0.02203814154198969
foggy,0.019835426591598093,0.06522304027717626,0.026851450844521438,0.026851450844521438,0.036725855348635775,0.0350974447812906,0.00025582505123810816,0.01599453191681795
flout,0.019835426591598093,0.06201818969250758,0.06522304027717626,0.04036379385015158,0.06314421827631009,0.05011693373754873,0.0003103275806478537,0.017616117070678592
carry,0.0411433521004764,0.0844521437851884,0.07769597228237332,0.07769597228237332,0.036725855348635775,0.06354265915980944,0.0004117418030749805,0.020291421908653434
sneak,0.05786054569077523,0.04963187527067995,0.10653962754439152,0.0844521437851884,0.018189692507579038,0.06333477695972281,0.0009136835337123023,0.030227198575327855
libel,0.06201818969250758,0.058033780857514074,0.024252923343438718,0.10653962754439152,0.06201818969250758,0.06257254222607189,0.0006845425501844609,0.026163764067588993
waltz,0.016803811173668255,0.0844521437851884,0.06201818969250758,0.06314421827631009,0.0034647033347769596,0.04597661325249026,0.0009381480305378562,0.03062920225108477
aptly,0.0844521437851884,0.03161541792983976,0.06314421827631009,0.06201818969250758,0.036725855348635775,0.05559116500649632,0.0003724095424892257,0.019297915495960327
piney,0.03161541792983976,0.058033780857514074,0.04963187527067995,0.10653962754439152,0.036725855348635775,0.056509311390212216,0.0007127493467574958,0.026697365914215128
inept,0.058033780857514074,0.04963187527067995,0.10653962754439152,0.03161541792983976,0.06314421827631009,0.06179298397574708,0.0006153595220540033,0.024806441140437768
aloud,0.0844521437851884,0.06201818969250758,0.06522304027717626,0.04036379385015158,0.03404071026418363,0.0572195755738415,0.00033001441813259767,0.018166298966289133
photo,0.03161541792983976,0.033521004763967084,0.06522304027717626,0.06314421827631009,0.06522304027717626,0.051745344304893894,0.0002461142785653742,0.015688029785966565
dream,0.03404071026418363,0.07769597228237332,0.10653962754439152,0.0844521437851884,0.027371156344737982,0.06601992204417496,0.0009268641114917227,0.030444443031392817
stale,0.05786054569077523,0.06314421827631009,0.0844521437851884,0.06201818969250758,0.10653962754439152,0.07480294499783455,0.0003373489655125846,0.018367061972797517
begin,0.024252923343438718,0.10653962754439152,0.026851450844521438,0.058033780857514074,0.04963187527067995,0.05306193157210913,0.0008826593586284938,0.029709583615872063
spell,0.05786054569077523,0.03161541792983976,0.10653962754439152,0.06201818969250758,0.06201818969250758,0.06401039411000434,0.0005807857141383418,0.02409949613868186
rainy,0.07769597228237332,0.0844521437851884,0.058033780857514074,0.04963187527067995,0.036725855348635775,0.0613079255088783,0.0003111102524795643,0.017638317733830636
unite,0.04036379385015158,0.04963187527067995,0.058033780857514074,0.06314421827631009,0.10653962754439152,0.06354265915980944,0.000522003098201044,0.022847387119779013
medal,0.027371156344737982,0.10653962754439152,0.03404071026418363,0.0844521437851884,0.06201818969250758,0.06288436552620183,0.0008929691393442087,0.029882589234271662
valet,0.013165872672152447,0.0844521437851884,0.06201818969250758,0.10653962754439152,0.06314421827631009,0.06586401039411001,0.000959861171783225,0.03098162635794359
inane,0.058033780857514074,0.04963187527067995,0.0844521437851884,0.04963187527067995,0.10653962754439152,0.06965786054569077,0.0005032669909167828,0.022433612970647034
maple,0.027371156344737982,0.0844521437851884,0.03161541792983976,0.06201818969250758,0.10653962754439152,0.06239930705933304,0.0009218919846099049,0.030362674200569106
snarl,0.05786054569077523,0.04963187527067995,0.0844521437851884,0.07769597228237332,0.06201818969250758,0.0663317453443049,0.00016534962799267218,0.01285883462809411
baker,0.024252923343438718,0.0844521437851884,0.018189692507579038,0.10653962754439152,0.07769597228237332,0.062226071892594194,0.001215634004885322,0.03486594333852623
there,0.06314421827631009,0.033521004763967084,0.10653962754439152,0.07769597228237332,0.10653962754439152,0.0774880900822867,0.0007653756245215918,0.02766542290516434
glyph,0.026851450844521438,0.06201818969250758,0.036725855348635775,0.03161541792983976,0.033521004763967084,0.03814638371589433,0.00015270083490872424,0.012357217927540335
avert,0.0844521437851884,0.013165872672152447,0.10653962754439152,0.07769597228237332,0.06314421827631009,0.06899956691208316,0.0009750704541571095,0.03122611814102274
brave,0.024252923343438718,0.07769597228237332,0.0844521437851884,0.013165872672152447,0.10653962754439152,0.06122130792550888,0.001308164541897458,0.036168557365444616
axiom,0.0844521437851884,0.0032048505846686876,0.058033780857514074,0.06522304027717626,0.027371156344737982,0.04765699436985708,0.0008315269997210906,0.028836209870943347
prime,0.03161541792983976,0.07769597228237332,0.058033780857514074,0.027371156344737982,0.10653962754439152,0.06025119099177133,0.0008705921675421894,0.029505798879918325
drive,0.03404071026418363,0.07769597228237332,0.058033780857514074,0.013165872672152447,0.10653962754439152,0.05789519272412299,0.0010656239045023328,0.032643895363487684
feast,0.019835426591598093,0.10653962754439152,0.0844521437851884,0.05786054569077523,0.06314421827631009,0.06636639237765267,0.0008377691677040581,0.028944242392988248
itchy,0.058033780857514074,0.06314421827631009,0.0411433521004764,0.033521004763967084,0.036725855348635775,0.046513642269380685,0.00014054781401265425,0.011855286331955641
clean,0.0411433521004764,0.06201818969250758,0.10653962754439152,0.0844521437851884,0.04963187527067995,0.06875703767864877,0.0005695119986360264,0.02386445052030376
happy,0.033521004763967084,0.0844521437851884,0.03161541792983976,0.03161541792983976,0.036725855348635775,0.04358596795149415,0.00042099941836048924,0.020518270354990677
tepid,0.06314421827631009,0.10653962754439152,0.03161541792983976,0.058033780857514074,0.03404071026418363,0.05867475097444782,0.0007300953712486267,0.027020277038709777
undue,0.04036379385015158,0.04963187527067995,0.03404071026418363,0.04036379385015158,0.10653962754439152,0.05418796015591165,0.0007099163628267644,0.026644255719136995
study,0.05786054569077523,0.06314421827631009,0.04036379385015158,0.03404071026418363,0.036725855348635775,0.046427024686011266,0.00013889724074792723,0.011785467353818737
eject,0.10653962754439152,0.0023386747509744478,0.10653962754439152,0.0411433521004764,0.06314421827631009,0.0639411000433088,0.0015889000448468262,0.03986100907963603
chafe,0.0411433521004764,0.033521004763967084,0.0844521437851884,0.019835426591598093,0.10653962754439152,0.057098310957124296,0.001078329717389971,0.03283793107657623
torso,0.06314421827631009,0.06522304027717626,0.07769597228237332,0.05786054569077523,0.06522304027717626,0.06582936336076224,4.245274436877858e-05,0.006515577055701097
adore,0.0844521437851884,0.03404071026418363,0.06522304027717626,0.07769597228237332,0.10653962754439152,0.07359029883066262,0.000570935092894451,0.023894248113185128
woken,0.016803811173668255,0.06522304027717626,0.018189692507579038,0.10653962754439152,0.04963187527067995,0.05127760935469901,0.0011068654281990316,0.033269587135987
amber,0.0844521437851884,0.027371156344737982,0.024252923343438718,0.10653962754439152,0.07769597228237332,0.06406236466002599,0.0010673945194590397,0.032671004261562574
joust,0.0023386747509744478,0.06522304027717626,0.04036379385015158,0.05786054569077523,0.06314421827631009,0.04578605456907752,0.000548394264182879,0.023417819372923667
infer,0.058033780857514074,0.04963187527067995,0.019835426591598093,0.10653962754439152,0.07769597228237332,0.06234733650931139,0.0008352182817494803,0.02890014328250779
braid,0.024252923343438718,0.07769597228237332,0.0844521437851884,0.058033780857514074,0.03404071026418363,0.055695106106539626,0.0005547996888669396,0.02355418622807716
knock,0.018189692507579038,0.04963187527067995,0.06522304027717626,0.0411433521004764,0.018189692507579038,0.038475530532698136,0.00033400820522477717,0.01827589136608054
naive,0.04963187527067995,0.0844521437851884,0.058033780857514074,0.013165872672152447,0.10653962754439152,0.06236466002598527,0.0010081371386299605,0.03175117538973889
apply,0.0844521437851884,0.03161541792983976,0.03161541792983976,0.06201818969250758,0.036725855348635775,0.04928540493720226,0.00043620449927515446,0.02088550931328117
spoke,0.05786054569077523,0.03161541792983976,0.06522304027717626,0.018189692507579038,0.10653962754439152,0.05588566478995236,0.0009333883774508436,0.030551405490596397
usual,0.04036379385015158,0.05786054569077523,0.04036379385015158,0.0844521437851884,0.06201818969250758,0.05701169337375487,0.00026661379830482374,0.01632831278193873
rival,0.07769597228237332,0.058033780857514074,0.013165872672152447,0.0844521437851884,0.06201818969250758,0.05907319185794716,0.0006216268987922867,0.024932446706897555
probe,0.03161541792983976,0.07769597228237332,0.06522304027717626,0.024252923343438718,0.10653962754439152,0.06106539627544392,0.0009168454318790594,0.03027945560737609
chord,0.0411433521004764,0.033521004763967084,0.06522304027717626,0.07769597228237332,0.03404071026418363,0.05032481593763534,0.0003205953467713755,0.017905176535610464
taper,0.06314421827631009,0.0844521437851884,0.03161541792983976,0.10653962754439152,0.07769597228237332,0.0726894759636206,0.0006174896618781911,0.024849339264418905
slate,0.05786054569077523,0.06201818969250758,0.0844521437851884,0.06314421827631009,0.10653962754439152,0.07480294499783455,0.00033734896551258466,0.018367061972797517
third,0.06314421827631009,0.033521004763967084,0.058033780857514074,0.07769597228237332,0.03404071026418363,0.053287137288869635,0.00029532176894187564,0.01718492854049372
lunar,0.06201818969250758,0.04036379385015158,0.04963187527067995,0.0844521437851884,0.07769597228237332,0.06283239497618016,0.0002736188312403251,0.016541427726781178
excel,0.10653962754439152,0.0032048505846686876,0.0411433521004764,0.10653962754439152,0.06201818969250758,0.06388912949328714,0.0015683164959229908,0.039601975909327944
aorta,0.0844521437851884,0.06522304027717626,0.07769597228237332,0.06314421827631009,0.0844521437851884,0.07499350368124728,8.442052030195741e-05,0.00918806401272637
poise,0.03161541792983976,0.06522304027717626,0.058033780857514074,0.05786054569077523,0.10653962754439152,0.06385448245993937,0.000586611937658598,0.024220073031652856
extra,0.10653962754439152,0.0032048505846686876,0.06314421827631009,0.07769597228237332,0.0844521437851884,0.06700736249458641,0.0012134102325413898,0.03483403841849793
judge,0.0023386747509744478,0.04036379385015158,0.03404071026418363,0.026851450844521438,0.10653962754439152,0.04202685145084452,0.0012067773288510267,0.034738700736369324
condo,0.0411433521004764,0.06522304027717626,0.04963187527067995,0.03404071026418363,0.06522304027717626,0.051052403637938504,0.00015824376003590744,0.012579497606657726
impel,0.058033780857514074,0.027371156344737982,0.03161541792983976,0.10653962754439152,0.06201818969250758,0.057115634473798194,0.0008005208308910789,0.02829347682578228
havoc,0.033521004763967084,0.0844521437851884,0.013165872672152447,0.06522304027717626,0.0411433521004764,0.047501082719792115,0.000618843732163727,0.02487656994369857
molar,0.027371156344737982,0.06522304027717626,0.06201818969250758,0.0844521437851884,0.07769597228237332,0.0633521004763967,0.00039017331206844775,0.019752805169606865
manly,0.027371156344737982,0.0844521437851884,0.04963187527067995,0.06201818969250758,0.036725855348635775,0.05203984408834994,0.000399797054514496,0.019994925719154247
